Name,Date,value
f34041,"=""05-04-2023""",201.1775175
k91813,"=""05-04-2023""",102.1245395
d223919,"=""05-04-2023""",143.6882093
h160186,"=""05-04-2023""",131.4516514
n77087,"=""05-04-2023""",218.2707597
r212165,"=""05-04-2023""",123.1707528
f208275,"=""05-04-2023""",188.1738518
g77,"=""05-04-2023""",121.1001498
i151000,"=""05-04-2023""",115.8845332
o102076,"=""05-04-2023""",129.1391538
f15842,"=""05-04-2023""",140.7046512
X42557,"=""05-04-2023""",205.9482295
p219596,"=""05-04-2023""",118.4055578
f40878,"=""05-04-2023""",162.0190919
e216759,"=""05-04-2023""",222.4075284
g181864,"=""05-04-2023""",171.5590758
p119173,"=""05-04-2023""",158.0180983
b138840,"=""05-04-2023""",117.9432764
m222759,"=""05-04-2023""",216.7411504
d33309,"=""05-04-2023""",122.3951292
g32436,"=""05-04-2023""",226.0388423
m142061,"=""05-04-2023""",182.8750351
i190591,"=""05-04-2023""",162.9641908
m98681,"=""05-04-2023""",164.6779789
m218390,"=""05-04-2023""",196.2853414
d1210,"=""05-04-2023""",193.8842632
j222728,"=""05-04-2023""",221.2937932
t139194,"=""05-04-2023""",109.0494063
w14842,"=""05-04-2023""",187.1707578
s142108,"=""05-04-2023""",179.7394449
w103894,"=""05-04-2023""",137.9141664
q89281,"=""05-04-2023""",183.6685141
l8499,"=""05-04-2023""",111.4640138
h24196,"=""05-04-2023""",196.6692492
v89635,"=""05-04-2023""",119.8546723
h225950,"=""05-04-2023""",227.8876803
o495,"=""05-04-2023""",108.6615304
k171714,"=""05-04-2023""",152.2643107
d150323,"=""05-04-2023""",173.6355411
s30492,"=""05-04-2023""",205.1570745
q54746,"=""05-04-2023""",194.3701399
s188923,"=""05-04-2023""",207.4187283
p99631,"=""05-04-2023""",154.9474699
w112168,"=""05-04-2023""",193.5743517
s94550,"=""05-04-2023""",121.9625685
m97036,"=""05-04-2023""",143.5821085
t151076,"=""05-04-2023""",133.6965725
k82188,"=""05-04-2023""",195.3731159
f22788,"=""05-04-2023""",105.9132094
g6950,"=""05-04-2023""",144.1933308
f110653,"=""05-04-2023""",117.2715518
e28333,"=""05-04-2023""",151.6369331
o30053,"=""05-04-2023""",104.7768628
n143174,"=""05-04-2023""",220.462419
u75591,"=""05-04-2023""",215.5008083
c17269,"=""05-04-2023""",143.0383323
h50223,"=""05-04-2023""",224.5316061
m145035,"=""05-04-2023""",140.0668759
c203501,"=""05-04-2023""",106.2494433
g216187,"=""05-04-2023""",127.9036206
q207441,"=""05-04-2023""",189.5693105
j67886,"=""05-04-2023""",183.0709672
a198665,"=""05-04-2023""",210.4897356
k104598,"=""05-04-2023""",225.0927531
u206313,"=""05-04-2023""",193.0206443
o118897,"=""05-04-2023""",160.904725
q83462,"=""05-04-2023""",126.0914882
m230093,"=""05-04-2023""",144.7917202
m107588,"=""05-04-2023""",200.607798
r103182,"=""05-04-2023""",186.6641777
q51495,"=""05-04-2023""",146.8555227
f33116,"=""05-04-2023""",190.8105298
b144241,"=""05-04-2023""",193.4646444
p91699,"=""05-04-2023""",114.599834
a100752,"=""05-04-2023""",112.3078055
u224854,"=""05-04-2023""",152.002551
e6497,"=""05-04-2023""",167.8566997
u234281,"=""05-04-2023""",110.0796196
j3020,"=""05-04-2023""",160.9348664
q150239,"=""05-04-2023""",228.4963928
o205181,"=""05-04-2023""",102.6632283
s114115,"=""05-04-2023""",171.9827587
s53407,"=""05-04-2023""",154.460007
b97176,"=""05-04-2023""",185.8534192
a128424,"=""05-04-2023""",207.8313437
a65003,"=""05-04-2023""",184.6892254
r220568,"=""05-04-2023""",154.6875548
n194285,"=""05-04-2023""",168.9644084
f24243,"=""05-04-2023""",138.982268
w78051,"=""05-04-2023""",224.7585017
k87653,"=""05-04-2023""",231.1433611
a118050,"=""05-04-2023""",191.8246176
u141821,"=""05-04-2023""",211.0260554
b160540,"=""05-04-2023""",221.7927203
b95982,"=""05-04-2023""",218.2579476
m93638,"=""05-04-2023""",102.417196
w91609,"=""05-04-2023""",167.0208189
m173476,"=""05-04-2023""",196.1573212
e124853,"=""05-04-2023""",213.2678726
i182403,"=""05-04-2023""",129.7462174
p130227,"=""05-04-2023""",170.3210325
a4306,"=""05-04-2023""",104.9896457
a8090,"=""05-04-2023""",149.7531328
f27060,"=""05-04-2023""",221.9114717
q176751,"=""05-04-2023""",194.4523824
t82505,"=""05-04-2023""",195.7302673
u232597,"=""05-04-2023""",108.5239857
u214935,"=""05-04-2023""",227.790297
d128193,"=""05-04-2023""",222.4798767
n168829,"=""05-04-2023""",146.2776756
u72951,"=""05-04-2023""",127.9379275
g25085,"=""05-04-2023""",154.5341519
s174573,"=""05-04-2023""",171.6113065
l151649,"=""05-04-2023""",150.9341044
r143965,"=""05-04-2023""",182.4979236
b86967,"=""05-04-2023""",109.0571551
v12005,"=""05-04-2023""",146.1787797
e187413,"=""05-04-2023""",163.0666029
f167590,"=""05-04-2023""",177.8940851
s8646,"=""05-04-2023""",167.6426024
m95524,"=""05-04-2023""",193.0408454
o21378,"=""05-04-2023""",113.485676
a82101,"=""05-04-2023""",155.5426767
a38543,"=""05-04-2023""",167.9019933
d3083,"=""05-04-2023""",163.4976956
s161150,"=""05-04-2023""",202.8913901
r208005,"=""05-04-2023""",128.8848085
u23848,"=""05-04-2023""",131.3649512
q225079,"=""05-04-2023""",127.1154113
s89258,"=""05-04-2023""",203.2695408
w98403,"=""05-04-2023""",152.3280876
w104587,"=""05-04-2023""",225.2157521
h119561,"=""05-04-2023""",106.417253
o61297,"=""05-04-2023""",212.5897811
p210695,"=""05-04-2023""",216.1872247
v60237,"=""05-04-2023""",130.1152073
i33870,"=""05-04-2023""",114.8419481
b19009,"=""05-04-2023""",160.9793316
a82691,"=""05-04-2023""",172.0204066
n34811,"=""05-04-2023""",163.4418936
m211574,"=""05-04-2023""",131.2376724
j93507,"=""05-04-2023""",202.1747167
m184056,"=""05-04-2023""",208.3006424
k229285,"=""05-04-2023""",193.8706204
w9153,"=""05-04-2023""",213.6020084
w60692,"=""05-04-2023""",128.6340097
m104533,"=""05-04-2023""",176.2921658
s25595,"=""05-04-2023""",146.2038137
v24302,"=""05-04-2023""",204.6961462
a84206,"=""05-04-2023""",115.4285749
h177987,"=""05-04-2023""",108.5944748
j211094,"=""05-04-2023""",161.4381911
v63876,"=""05-04-2023""",173.2312371
i168848,"=""05-04-2023""",110.2559534
v115613,"=""05-04-2023""",111.793341
u65194,"=""05-04-2023""",168.1487299
v143386,"=""05-04-2023""",135.1673347
p135504,"=""05-04-2023""",115.9121048
q81822,"=""05-04-2023""",160.4737554
t63125,"=""05-04-2023""",228.9872541
e99859,"=""05-04-2023""",205.9560834
g37596,"=""05-04-2023""",162.5692599
o228802,"=""05-04-2023""",188.832444
m206478,"=""05-04-2023""",225.045488
w175539,"=""05-04-2023""",231.2533196
c70077,"=""05-04-2023""",195.1970937
j86322,"=""05-04-2023""",130.2054305
d109763,"=""05-04-2023""",115.9303449
u206398,"=""05-04-2023""",107.4296889
i115876,"=""05-04-2023""",198.9795927
h38911,"=""05-04-2023""",192.2677331
t227537,"=""05-04-2023""",204.3102583
l38669,"=""05-04-2023""",184.6817535
l3572,"=""05-04-2023""",198.770461
d87949,"=""05-04-2023""",222.0842557
q208074,"=""05-04-2023""",150.0415952
l181406,"=""05-04-2023""",174.4562353
v149031,"=""05-04-2023""",194.5219009
j212685,"=""05-04-2023""",107.0066593
l172507,"=""05-04-2023""",227.3149055
r152119,"=""05-04-2023""",212.1633195
d83424,"=""05-04-2023""",225.3706978
i84765,"=""05-04-2023""",144.2620588
p26099,"=""05-04-2023""",111.2355945
c25919,"=""05-04-2023""",161.8515428
g181646,"=""05-04-2023""",119.4766743
p97927,"=""05-04-2023""",188.0933977
o8506,"=""05-04-2023""",192.2140889
w150225,"=""05-04-2023""",205.9305881
q223563,"=""05-04-2023""",223.3066738
s91349,"=""05-04-2023""",123.4028576
x120888,"=""05-04-2023""",151.061627
c200337,"=""05-04-2023""",146.8061434
k78648,"=""05-04-2023""",102.1726767
d205014,"=""05-04-2023""",90.01744389
r181042,"=""05-04-2023""",192.1907693
v218931,"=""05-04-2023""",141.5423192
l164146,"=""05-04-2023""",140.3716323
k36459,"=""05-04-2023""",140.6727335
d18587,"=""05-04-2023""",185.9513623
g210724,"=""05-04-2023""",199.428411
n19058,"=""05-04-2023""",134.3401015
f164162,"=""05-04-2023""",200.5841117
j127635,"=""05-04-2023""",155.4731205
v34834,"=""05-04-2023""",128.6007704
o118742,"=""05-04-2023""",85.61457876
p211814,"=""05-04-2023""",167.7182035
e133433,"=""05-04-2023""",201.4255678
s201907,"=""05-04-2023""",150.9406934
t51501,"=""05-04-2023""",187.18614
w147296,"=""05-04-2023""",175.0578723
w73805,"=""05-04-2023""",133.5042788
j72741,"=""05-04-2023""",117.3395677
o231971,"=""05-04-2023""",206.5852559
d212027,"=""05-04-2023""",161.845486
c57871,"=""05-04-2023""",153.9549614
q69900,"=""05-04-2023""",190.3612827
x166142,"=""05-04-2023""",108.8935252
t22815,"=""05-04-2023""",104.7026362
X142658,"=""05-04-2023""",99.07948643
v63147,"=""05-04-2023""",214.2333423
b5509,"=""05-04-2023""",196.5394386
h183170,"=""05-04-2023""",125.7678419
t207858,"=""05-04-2023""",135.5314416
k209098,"=""05-04-2023""",226.1837715
r22492,"=""05-04-2023""",138.6673326
j60728,"=""05-04-2023""",207.567044
v113741,"=""05-04-2023""",145.4210317
p166677,"=""05-04-2023""",201.0072999
q165311,"=""05-04-2023""",170.4388527
h35988,"=""05-04-2023""",199.809553
s106260,"=""05-04-2023""",105.6398257
t40051,"=""05-04-2023""",170.0641885
d127037,"=""05-04-2023""",143.4025989
s223814,"=""05-04-2023""",196.9891717
r46263,"=""05-04-2023""",171.7191373
u115906,"=""05-04-2023""",152.704882
f7394,"=""05-04-2023""",216.799516
r149816,"=""05-04-2023""",153.446624
w18980,"=""05-04-2023""",127.0798456
k99419,"=""05-04-2023""",113.911472
a142368,"=""05-04-2023""",186.2826468
c183265,"=""05-04-2023""",91.72065351
a65788,"=""05-04-2023""",203.7382479
o108198,"=""05-04-2023""",187.6665303
k198678,"=""05-04-2023""",200.7998081
m117158,"=""05-04-2023""",144.5603242
x160524,"=""05-04-2023""",103.1849121
b64610,"=""05-04-2023""",116.9703331
l94928,"=""05-04-2023""",164.9040559
q43824,"=""05-04-2023""",104.7702636
d31897,"=""05-04-2023""",199.4656129
d229064,"=""05-04-2023""",97.59991287
m99281,"=""05-04-2023""",85.1623576
k59046,"=""05-04-2023""",143.7984549
r208473,"=""05-04-2023""",171.5724393
t145838,"=""05-04-2023""",141.1778387
j193460,"=""05-04-2023""",113.767668
f1707,"=""05-04-2023""",97.96543462
b39684,"=""05-04-2023""",106.6527499
u67837,"=""05-04-2023""",188.5434943
i211140,"=""05-04-2023""",195.272329
p82481,"=""05-04-2023""",101.3700539
d71059,"=""05-04-2023""",112.973648
k140671,"=""05-04-2023""",165.4286877
s187469,"=""05-04-2023""",193.3631958
x132784,"=""05-04-2023""",145.0791724
e210306,"=""05-04-2023""",114.6012117
h129258,"=""05-04-2023""",156.9045099
X60602,"=""05-04-2023""",152.96483
s207795,"=""05-04-2023""",194.7872845
i145529,"=""05-04-2023""",126.8888428
d205938,"=""05-04-2023""",101.4824138
a121501,"=""05-04-2023""",102.1102332
t233811,"=""05-04-2023""",93.69452907
d50606,"=""05-04-2023""",104.9579229
g28115,"=""05-04-2023""",180.0516004
u182917,"=""05-04-2023""",175.9663228
r84294,"=""05-04-2023""",101.8679933
f25488,"=""05-04-2023""",107.1512134
f98724,"=""05-04-2023""",185.5157973
k69564,"=""05-04-2023""",125.0630701
a203869,"=""05-04-2023""",183.0607564
t176453,"=""05-04-2023""",181.6250988
l234687,"=""05-04-2023""",166.4807227
e85301,"=""05-04-2023""",188.343146
n32329,"=""05-04-2023""",148.7342408
o126682,"=""05-04-2023""",176.8456335
g34275,"=""05-04-2023""",119.3242968
v3202,"=""05-04-2023""",224.9159736
s114390,"=""05-04-2023""",220.9426329
i22579,"=""05-04-2023""",122.7497255
h203393,"=""05-04-2023""",155.0912845
c113838,"=""05-04-2023""",218.6619839
w107870,"=""05-04-2023""",97.79400546
X10079,"=""05-04-2023""",100.783895
p192536,"=""05-04-2023""",105.9714153
l114340,"=""05-04-2023""",134.0717591
p8895,"=""05-04-2023""",152.9840257
g194419,"=""05-04-2023""",145.1219886
X19449,"=""05-04-2023""",205.3523353
q74444,"=""05-04-2023""",167.4613008
u100262,"=""05-04-2023""",213.883668
r195203,"=""05-04-2023""",102.1120161
k140810,"=""05-04-2023""",181.1820475
g196664,"=""05-04-2023""",190.1036865
X5734,"=""05-04-2023""",221.9409722
a178657,"=""05-04-2023""",222.27037
k211709,"=""05-04-2023""",218.7482027
h118698,"=""05-04-2023""",191.0179029
q141471,"=""05-04-2023""",205.4912849
n120146,"=""05-04-2023""",203.0183506
p172975,"=""05-04-2023""",128.0035737
g162749,"=""05-04-2023""",179.7512509
w197884,"=""05-04-2023""",183.3737232
x171875,"=""05-04-2023""",232.7673769
d27511,"=""05-04-2023""",211.7652579
q209412,"=""05-04-2023""",145.8707279
m92207,"=""05-04-2023""",103.855957
h24793,"=""05-04-2023""",136.4783481
x99347,"=""05-04-2023""",173.9725982
j134829,"=""05-04-2023""",220.5409484
l95164,"=""05-04-2023""",129.9049831
m159392,"=""05-04-2023""",131.4755422
o49346,"=""05-04-2023""",173.520235
b65462,"=""05-04-2023""",98.20638985
t145715,"=""05-04-2023""",127.247392
k109781,"=""05-04-2023""",127.9008285
h104939,"=""05-04-2023""",195.616046
f102604,"=""05-04-2023""",147.1073835
c6431,"=""05-04-2023""",113.9612717
p134270,"=""05-04-2023""",158.8494495
x153205,"=""05-04-2023""",220.9875782
e48515,"=""05-04-2023""",203.59778
u82955,"=""05-04-2023""",229.4095466
p160137,"=""05-04-2023""",218.1423294
X74991,"=""05-04-2023""",137.4344607
g144546,"=""05-04-2023""",125.1010013
d197383,"=""05-04-2023""",103.637319
o6706,"=""05-04-2023""",216.8602099
c156283,"=""05-04-2023""",179.9182083
v140631,"=""05-04-2023""",199.0098237
h52991,"=""05-04-2023""",115.3483074
s89492,"=""05-04-2023""",159.302674
l233590,"=""05-04-2023""",196.2872278
l77272,"=""05-04-2023""",212.9155587
d35908,"=""05-04-2023""",118.7425962
e27515,"=""05-04-2023""",119.3305614
x191870,"=""05-04-2023""",162.7111769
g71789,"=""05-04-2023""",173.5406882
w53081,"=""05-04-2023""",103.7818043
k167286,"=""05-04-2023""",116.5277711
n211701,"=""05-04-2023""",186.5717794
s73424,"=""05-04-2023""",198.3472401
h48195,"=""05-04-2023""",85.57073484
r45079,"=""05-04-2023""",226.0224861
l129714,"=""05-04-2023""",145.7186725
s113852,"=""05-04-2023""",133.4514286
u148409,"=""05-04-2023""",205.1371167
a162485,"=""05-04-2023""",92.79524674
u18313,"=""05-04-2023""",139.2750125
g196592,"=""05-04-2023""",187.0209123
o53589,"=""05-04-2023""",196.7242577
j167943,"=""05-04-2023""",130.2671604
w55468,"=""05-04-2023""",97.72924515
l226895,"=""05-04-2023""",194.1618144
t233316,"=""05-04-2023""",108.870917
h135770,"=""05-04-2023""",123.8821711
a3657,"=""05-04-2023""",92.3936685
u183297,"=""05-04-2023""",191.6522194
l68499,"=""05-04-2023""",169.1110507
w112000,"=""05-04-2023""",137.4915371
l83332,"=""05-04-2023""",186.1108158
u30827,"=""05-04-2023""",153.9225609
d196600,"=""05-04-2023""",137.4065923
r19477,"=""05-04-2023""",210.939542
w224157,"=""05-04-2023""",153.6285536
s99501,"=""05-04-2023""",169.285459
n152689,"=""05-04-2023""",120.6253823
g4242,"=""05-04-2023""",199.6707549
e234563,"=""05-04-2023""",160.6862953
o53377,"=""05-04-2023""",109.8962344
j103149,"=""05-04-2023""",178.868675
i28034,"=""05-04-2023""",129.9816034
p115801,"=""05-04-2023""",100.1110252
f107336,"=""05-04-2023""",209.7381748
k115537,"=""05-04-2023""",108.3606905
g214455,"=""05-04-2023""",145.1688978
a118925,"=""05-04-2023""",122.2776456
l126072,"=""05-04-2023""",103.7213173
j203180,"=""05-04-2023""",129.2718424
e70452,"=""05-04-2023""",164.3678815
w34288,"=""05-04-2023""",228.4476345
d145014,"=""05-04-2023""",123.49178
n43877,"=""05-04-2023""",179.9046928
m18483,"=""05-04-2023""",164.4532005
o8661,"=""05-04-2023""",212.1507768
n56403,"=""05-04-2023""",133.8919055
c140582,"=""05-04-2023""",160.5591843
u175182,"=""05-04-2023""",149.6832677
g190638,"=""05-04-2023""",154.5540784
c174571,"=""05-04-2023""",95.42552393
p165231,"=""05-04-2023""",216.9597873
k102708,"=""05-04-2023""",215.2305532
v142804,"=""05-04-2023""",165.5187925
f45908,"=""05-04-2023""",135.1237861
X92678,"=""05-04-2023""",98.36938543
f75753,"=""05-04-2023""",132.0769282
o181600,"=""05-04-2023""",134.1330013
t121095,"=""05-04-2023""",121.6569455
w160589,"=""05-04-2023""",199.8235052
g184924,"=""05-04-2023""",196.4429773
o120314,"=""05-04-2023""",142.026006
r162056,"=""05-04-2023""",141.0845852
q123882,"=""05-04-2023""",134.5943939
e73867,"=""05-04-2023""",195.7688102
v87009,"=""05-04-2023""",121.4146184
c146056,"=""05-04-2023""",179.5095823
q173949,"=""05-04-2023""",152.4905233
e79110,"=""05-04-2023""",115.2839014
v103280,"=""05-04-2023""",139.0658803
e151094,"=""05-04-2023""",97.05541195
j7713,"=""05-04-2023""",101.2081036
f224860,"=""05-04-2023""",125.8001118
w135677,"=""05-04-2023""",176.8505721
j118664,"=""05-04-2023""",136.0312172
g112609,"=""05-04-2023""",180.1208087
a106340,"=""05-04-2023""",103.2433859
p122590,"=""05-04-2023""",160.8445091
b199082,"=""05-04-2023""",194.3039086
a224273,"=""05-04-2023""",194.0650471
l43197,"=""05-04-2023""",121.8991112
u35828,"=""05-04-2023""",102.9589523
n183816,"=""05-04-2023""",166.3220896
u227784,"=""05-04-2023""",95.81524988
c76291,"=""05-04-2023""",109.5394824
m132854,"=""05-04-2023""",134.3975061
r174795,"=""05-04-2023""",115.5552091
c41030,"=""05-04-2023""",119.0335705
n149387,"=""05-04-2023""",152.6922946
k95242,"=""05-04-2023""",147.5618993
r73607,"=""05-04-2023""",117.519575
u84052,"=""05-04-2023""",142.6218501
e75988,"=""05-04-2023""",162.8525938
v146906,"=""05-04-2023""",144.2092345
t223930,"=""05-04-2023""",124.8210128
p15352,"=""05-04-2023""",158.7128158
u11160,"=""05-04-2023""",138.1095935
c199390,"=""05-04-2023""",114.1871044
e16106,"=""05-04-2023""",95.43756711
p10674,"=""05-04-2023""",137.2369151
n222023,"=""05-04-2023""",99.72739333
n178222,"=""05-04-2023""",138.3323174
o196433,"=""05-04-2023""",130.4715908
c18259,"=""05-04-2023""",134.2166642
j114302,"=""05-04-2023""",209.8064354
x141676,"=""05-04-2023""",98.72803869
X37470,"=""05-04-2023""",108.1065929
r97298,"=""05-04-2023""",115.6702868
X30546,"=""05-04-2023""",123.3419502
e7208,"=""05-04-2023""",180.8911274
d80247,"=""05-04-2023""",103.0216101
q116802,"=""05-04-2023""",108.6632574
r179445,"=""05-04-2023""",128.2346729
n69235,"=""05-04-2023""",138.3715429
c80165,"=""05-04-2023""",97.21441416
w66118,"=""05-04-2023""",110.2979936
e145019,"=""05-04-2023""",161.5328747
s223424,"=""05-04-2023""",167.9395662
p23163,"=""05-04-2023""",157.6977029
X115077,"=""05-04-2023""",147.5625251
t53300,"=""05-04-2023""",138.259925
s16866,"=""05-04-2023""",140.1116879
a32166,"=""05-04-2023""",142.7318305
o67800,"=""05-04-2023""",189.3522599
r170081,"=""05-04-2023""",116.5835713
j161997,"=""05-04-2023""",217.338546
b69457,"=""05-04-2023""",96.20074295
r50674,"=""05-04-2023""",98.83467893
f111494,"=""05-04-2023""",204.3398403
a155695,"=""05-04-2023""",119.3361185
h213916,"=""05-04-2023""",126.2414951
b45139,"=""05-04-2023""",170.0300023
n182084,"=""05-04-2023""",135.2933006
e11853,"=""05-04-2023""",201.7891124
r180298,"=""05-04-2023""",204.6005516
g130333,"=""05-04-2023""",103.0011295
a81397,"=""05-04-2023""",212.1530399
x185953,"=""05-04-2023""",157.5277287
n210676,"=""05-04-2023""",196.5976138
p200638,"=""05-04-2023""",218.3302533
b194676,"=""05-04-2023""",200.3829149
l92963,"=""05-04-2023""",115.4080351
e132445,"=""05-04-2023""",186.8928337
x172102,"=""05-04-2023""",152.6285544
e17410,"=""05-04-2023""",206.3954006
a82092,"=""05-04-2023""",97.36006652
d125747,"=""05-04-2023""",193.9744649
v53545,"=""05-04-2023""",147.0755215
g171971,"=""05-04-2023""",104.8255438
f64416,"=""05-04-2023""",162.8997117
x165660,"=""05-04-2023""",182.1931027
g15886,"=""05-04-2023""",120.5094685
f69802,"=""05-04-2023""",121.9029276
l19038,"=""05-04-2023""",195.2011121
p197828,"=""05-04-2023""",211.6157665
m116400,"=""05-04-2023""",139.9801904
k232283,"=""05-04-2023""",164.0701403
q188520,"=""05-04-2023""",136.7132976
r157985,"=""05-04-2023""",106.1190647
u136508,"=""05-04-2023""",170.2511651
o90069,"=""05-04-2023""",195.740513
o39901,"=""05-04-2023""",215.8439759
b227985,"=""05-04-2023""",130.3749937
p89265,"=""05-04-2023""",100.029348
g9573,"=""05-04-2023""",144.6485316
X10128,"=""05-04-2023""",151.75581
j168373,"=""05-04-2023""",138.8731283
c156250,"=""05-04-2023""",173.0811749
q99147,"=""05-04-2023""",201.3976098
k194653,"=""05-04-2023""",207.1417224
x154298,"=""05-04-2023""",156.320742
a111995,"=""05-04-2023""",208.1311463
m68427,"=""05-04-2023""",204.0807606
l121711,"=""05-04-2023""",227.7238989
s89216,"=""05-04-2023""",183.8990729
j42131,"=""05-04-2023""",177.9405768
l39427,"=""05-04-2023""",143.3850215
l30960,"=""05-04-2023""",124.2151588
r221201,"=""05-04-2023""",206.3687697
h125373,"=""05-04-2023""",117.2241481
a35862,"=""05-04-2023""",142.6532142
n8012,"=""05-04-2023""",172.8797388
i136607,"=""05-04-2023""",180.5641415
d4731,"=""05-04-2023""",144.3300196
o22668,"=""05-04-2023""",132.4736426
m95613,"=""05-04-2023""",205.0463503
b60498,"=""05-04-2023""",170.7647337
j7806,"=""05-04-2023""",156.9389875
s129688,"=""05-04-2023""",184.09543
l122608,"=""05-04-2023""",204.4371016
t28337,"=""05-04-2023""",158.581692
n103144,"=""05-04-2023""",159.1871339
g128911,"=""05-04-2023""",132.7084249
t187290,"=""05-04-2023""",170.556931
d86188,"=""05-04-2023""",164.8804069
k26263,"=""05-04-2023""",124.9118701
r208088,"=""05-04-2023""",86.23709134
f19722,"=""05-04-2023""",86.97555141
v109730,"=""05-04-2023""",167.1008858
m205589,"=""05-04-2023""",110.8781827
m221252,"=""05-04-2023""",119.4977099
w202496,"=""05-04-2023""",93.16208622
i186054,"=""05-04-2023""",100.2730158
l169106,"=""05-04-2023""",116.8952242
l65258,"=""05-04-2023""",150.198194
a15957,"=""05-04-2023""",144.6650757
w167811,"=""05-04-2023""",175.2834138
s103013,"=""05-04-2023""",203.4924816
q217353,"=""05-04-2023""",105.5062737
u78319,"=""05-04-2023""",207.1637884
f173795,"=""05-04-2023""",177.4561769
q160162,"=""05-04-2023""",130.2294758
q147797,"=""05-04-2023""",179.0854883
q9888,"=""05-04-2023""",207.3672773
h229596,"=""05-04-2023""",164.2356313
v120692,"=""05-04-2023""",113.5467924
b219717,"=""05-04-2023""",128.0642623
t181565,"=""05-04-2023""",200.5305377
k12671,"=""05-04-2023""",162.9132007
e170917,"=""05-04-2023""",104.119183
e48452,"=""05-04-2023""",143.6799366
p132341,"=""05-04-2023""",190.6830478
n90469,"=""05-04-2023""",107.1819629
p205218,"=""05-04-2023""",160.9474603
v31871,"=""05-04-2023""",165.5297643
u164470,"=""05-04-2023""",226.0063159
r88570,"=""05-04-2023""",128.4114809
m72321,"=""05-04-2023""",148.8866886
s64834,"=""05-04-2023""",186.8192923
s101743,"=""05-04-2023""",187.4922141
p49356,"=""05-04-2023""",183.6415692
n13691,"=""05-04-2023""",173.6132208
q211719,"=""05-04-2023""",157.4143335
o213390,"=""05-04-2023""",204.5692387
g104523,"=""05-04-2023""",204.8382788
u57463,"=""05-04-2023""",129.9633409
x152195,"=""05-04-2023""",172.7843431
d229059,"=""05-04-2023""",213.3713484
v3420,"=""05-04-2023""",132.1013985
j173720,"=""05-04-2023""",146.6675575
j186808,"=""05-04-2023""",156.6230249
b74777,"=""05-04-2023""",145.1415637
p140498,"=""05-04-2023""",145.973769
e68302,"=""05-04-2023""",150.8980831
w84998,"=""05-04-2023""",127.9410584
j214323,"=""05-04-2023""",196.2402311
w195603,"=""05-04-2023""",118.2779933
w232145,"=""05-04-2023""",198.4272528
s71791,"=""05-04-2023""",207.965597
s168174,"=""05-04-2023""",157.0477405
v104754,"=""05-04-2023""",100.1237733
q48554,"=""05-04-2023""",148.9737794
o139923,"=""05-04-2023""",116.3541968
c199722,"=""05-04-2023""",212.3367913
u153249,"=""05-04-2023""",198.0631131
X88703,"=""05-04-2023""",221.0122138
k161598,"=""05-04-2023""",219.0456761
r128053,"=""05-04-2023""",119.0453809
t48485,"=""05-04-2023""",192.5903394
l73994,"=""05-04-2023""",207.2920259
u63206,"=""05-04-2023""",172.7614386
r58238,"=""05-04-2023""",96.54638446
k10586,"=""05-04-2023""",128.2238724
d134657,"=""05-04-2023""",121.6712989
u164328,"=""05-04-2023""",228.7542799
f104000,"=""05-04-2023""",145.288387
t91717,"=""05-04-2023""",128.4441959
s203809,"=""05-04-2023""",132.1114113
t182270,"=""05-04-2023""",161.1712682
r204265,"=""05-04-2023""",127.4110438
c92122,"=""05-04-2023""",128.4319534
f203635,"=""05-04-2023""",224.5357302
r177028,"=""05-04-2023""",134.5891222
s160640,"=""05-04-2023""",202.6649922
d146289,"=""05-04-2023""",178.3408053
j74380,"=""05-04-2023""",107.7821755
c190198,"=""05-04-2023""",136.3449479
n223336,"=""05-04-2023""",151.9470298
w158607,"=""05-04-2023""",163.9295339
c34786,"=""05-04-2023""",173.9712279
l227607,"=""05-04-2023""",164.349144
o128117,"=""05-04-2023""",111.5149862
m38561,"=""05-04-2023""",199.8596724
r65462,"=""05-04-2023""",171.4079839
i36009,"=""05-04-2023""",214.3278405
q173919,"=""05-04-2023""",108.3935364
c103548,"=""05-04-2023""",208.7684514
t91021,"=""05-04-2023""",133.9123044
r69101,"=""05-04-2023""",150.1359934
u133613,"=""05-04-2023""",115.1526369
o219706,"=""05-04-2023""",194.0514224
o170251,"=""05-04-2023""",190.9398632
j216965,"=""05-04-2023""",179.2044086
u142615,"=""05-04-2023""",217.4419443
s190060,"=""05-04-2023""",139.4791516
g90473,"=""05-04-2023""",125.2690656
a96681,"=""05-04-2023""",203.5262029
n137805,"=""05-04-2023""",159.2292647
v145437,"=""05-04-2023""",169.8954857
e11666,"=""05-04-2023""",216.0310516
q196322,"=""05-04-2023""",181.1005735
l223614,"=""05-04-2023""",213.3525749
c99396,"=""05-04-2023""",193.994003
h20492,"=""05-04-2023""",154.2059667
q18206,"=""05-04-2023""",107.0740656
l119632,"=""05-04-2023""",112.1046587
v156747,"=""05-04-2023""",203.9842666
m42508,"=""05-04-2023""",198.064301
p177127,"=""05-04-2023""",106.319313
s47278,"=""05-04-2023""",192.2600644
e64468,"=""05-04-2023""",101.2027329
c92188,"=""05-04-2023""",165.8066342
s136071,"=""05-04-2023""",104.4681867
n54166,"=""05-04-2023""",182.7300995
o219454,"=""05-04-2023""",120.3515923
s116950,"=""05-04-2023""",112.7437896
s69825,"=""05-04-2023""",140.6626072
v96201,"=""05-04-2023""",129.7426003
p51045,"=""05-04-2023""",224.1210384
o110890,"=""05-04-2023""",171.6168653
j105218,"=""05-04-2023""",209.2491979
s106281,"=""05-04-2023""",165.0183411
l218354,"=""05-04-2023""",144.3439956
q112815,"=""05-04-2023""",92.53827941
f213664,"=""05-04-2023""",187.2391819
t97395,"=""05-04-2023""",218.3133337
s117665,"=""05-04-2023""",152.0655558
h182011,"=""05-04-2023""",108.5850629
r62695,"=""05-04-2023""",113.1814184
e45863,"=""05-04-2023""",194.7669947
e210395,"=""05-04-2023""",166.4091362
c26219,"=""05-04-2023""",144.7719306
t3530,"=""05-04-2023""",159.1014166
b117334,"=""05-04-2023""",192.210823
v117014,"=""05-04-2023""",152.282782
X199463,"=""05-04-2023""",104.8796406
w143097,"=""05-04-2023""",211.9284472
m227599,"=""05-04-2023""",149.4092454
v150293,"=""05-04-2023""",208.4610935
p42278,"=""05-04-2023""",194.7452172
e163810,"=""05-04-2023""",153.8172846
k201378,"=""05-04-2023""",111.7572768
j229278,"=""05-04-2023""",101.1660183
X47375,"=""05-04-2023""",137.8922186
v218043,"=""05-04-2023""",107.0789827
s115805,"=""05-04-2023""",154.9920689
g87930,"=""05-04-2023""",111.0668158
f89015,"=""05-04-2023""",112.843213
i111564,"=""05-04-2023""",200.8879601
q229911,"=""05-04-2023""",107.1332372
X58083,"=""05-04-2023""",146.3254232
e233846,"=""05-04-2023""",178.5784055
c79798,"=""05-04-2023""",180.6469761
l66488,"=""05-04-2023""",106.6521933
f60017,"=""05-04-2023""",201.2487028
x21143,"=""05-04-2023""",146.891472
p156876,"=""05-04-2023""",211.7866582
b105805,"=""05-04-2023""",164.3919466
h92928,"=""05-04-2023""",224.8664787
e133237,"=""05-04-2023""",103.1829002
v122967,"=""05-04-2023""",146.1874717
l54097,"=""05-04-2023""",183.8784643
r29118,"=""05-04-2023""",137.4582237
l52965,"=""05-04-2023""",102.2198359
a125820,"=""05-04-2023""",117.8912831
t91504,"=""05-04-2023""",88.65548806
e80121,"=""05-04-2023""",181.4253182
X202682,"=""05-04-2023""",208.1270782
a180222,"=""05-04-2023""",134.7732583
i218667,"=""05-04-2023""",143.5855766
d215212,"=""05-04-2023""",156.4931319
g131800,"=""05-04-2023""",134.0686185
o217543,"=""05-04-2023""",170.5312387
t170739,"=""05-04-2023""",190.9249316
i178789,"=""05-04-2023""",219.4927227
j4214,"=""05-04-2023""",219.0244835
j203589,"=""05-04-2023""",176.5908451
m45239,"=""05-04-2023""",144.6863318
h41010,"=""05-04-2023""",192.1996124
d190813,"=""05-04-2023""",104.8602032
w61773,"=""05-04-2023""",178.9049249
q79629,"=""05-04-2023""",141.2900271
p59068,"=""05-04-2023""",100.3839385
X90125,"=""05-04-2023""",140.2523149
n140823,"=""05-04-2023""",200.9090518
l228049,"=""05-04-2023""",120.4441316
c7099,"=""05-04-2023""",230.4058797
l125358,"=""05-04-2023""",135.386107
X13388,"=""05-04-2023""",200.7872907
e72543,"=""05-04-2023""",194.0541955
s141336,"=""05-04-2023""",220.8378789
u3899,"=""05-04-2023""",115.3224405
r128590,"=""05-04-2023""",159.7567045
l5797,"=""05-04-2023""",159.8349729
s117813,"=""05-04-2023""",182.1589469
g228842,"=""05-04-2023""",169.2215373
v158107,"=""05-04-2023""",228.9188539
r3508,"=""05-04-2023""",188.6526655
o135909,"=""05-04-2023""",190.3195728
f201247,"=""05-04-2023""",110.7480263
w110541,"=""05-04-2023""",88.17699437
w140275,"=""05-04-2023""",219.7078951
t152979,"=""05-04-2023""",198.3457444
x43350,"=""05-04-2023""",160.7494409
t81442,"=""05-04-2023""",161.2357964
e175391,"=""05-04-2023""",202.25463
b233722,"=""05-04-2023""",182.0488979
r154324,"=""05-04-2023""",214.8235456
q24445,"=""05-04-2023""",195.8977137
c37655,"=""05-04-2023""",136.3536069
k133140,"=""05-04-2023""",119.3554113
o36284,"=""05-04-2023""",151.7357719
m220081,"=""05-04-2023""",127.0763196
t110050,"=""05-04-2023""",211.6363758
m172995,"=""05-04-2023""",219.6045203
u165439,"=""05-04-2023""",103.0927898
r66659,"=""05-04-2023""",99.16658113
X103105,"=""05-04-2023""",184.7667424
d2437,"=""05-04-2023""",186.4625866
p55795,"=""05-04-2023""",116.9423552
u36380,"=""05-04-2023""",178.8019023
i212151,"=""05-04-2023""",216.4112509
l105500,"=""05-04-2023""",161.6865906
t119487,"=""05-04-2023""",182.0753757
c167336,"=""05-04-2023""",124.3637656
b17357,"=""05-04-2023""",118.7531961
w40337,"=""05-04-2023""",205.7293642
v164488,"=""05-04-2023""",201.5181342
c145858,"=""05-04-2023""",186.9169709
q82239,"=""05-04-2023""",202.6387477
h40058,"=""05-04-2023""",105.6658722
s158624,"=""05-04-2023""",203.3871426
m16528,"=""05-04-2023""",160.920734
b30538,"=""05-04-2023""",173.5481891
r115539,"=""05-04-2023""",163.1289323
q105587,"=""05-04-2023""",220.7841413
c87931,"=""05-04-2023""",150.8254851
b81913,"=""05-04-2023""",206.1934817
u6046,"=""05-04-2023""",118.8102672
n22571,"=""05-04-2023""",141.4219818
r158427,"=""05-04-2023""",172.2023065
a183200,"=""05-04-2023""",192.5747859
p126648,"=""05-04-2023""",111.2775454
o69727,"=""05-04-2023""",138.5852021
x33612,"=""05-04-2023""",180.5355442
m61972,"=""05-04-2023""",121.9211914
f61201,"=""05-04-2023""",182.2375488
d161719,"=""05-04-2023""",101.4871725
x5972,"=""05-04-2023""",96.16706
t156428,"=""05-04-2023""",142.9950456
s208786,"=""05-04-2023""",120.1273846
i25818,"=""05-04-2023""",170.9227458
a28867,"=""05-04-2023""",172.1807788
w62848,"=""05-04-2023""",115.9032618
e37976,"=""05-04-2023""",209.2164532
t121513,"=""05-04-2023""",137.116893
g68390,"=""05-04-2023""",186.8475387
o85540,"=""05-04-2023""",150.7568341
q23290,"=""05-04-2023""",184.9380618
b144092,"=""05-04-2023""",218.7712846
q178754,"=""05-04-2023""",156.2843875
e114321,"=""05-04-2023""",190.5971785
k30547,"=""05-04-2023""",206.9351307
h213031,"=""05-04-2023""",142.8473957
X214744,"=""05-04-2023""",173.9255444
h219062,"=""05-04-2023""",102.7501482
h58596,"=""05-04-2023""",173.2270845
u60884,"=""05-04-2023""",150.4201199
X124932,"=""05-04-2023""",204.6992627
i22140,"=""05-04-2023""",206.1353497
a229184,"=""05-04-2023""",202.1192563
m129643,"=""05-04-2023""",110.91726
d227426,"=""05-04-2023""",171.3055214
e224564,"=""05-04-2023""",177.6298952
h171779,"=""05-04-2023""",164.8429282
d124954,"=""05-04-2023""",180.9626353
m22289,"=""05-04-2023""",139.8424897
q192917,"=""05-04-2023""",171.9995444
p147767,"=""05-04-2023""",119.6572371
f81844,"=""05-04-2023""",163.9799071
e190047,"=""05-04-2023""",200.2840809
i81281,"=""05-04-2023""",125.5665979
f42678,"=""05-04-2023""",162.2119659
r183647,"=""05-04-2023""",215.5657321
d130267,"=""05-04-2023""",105.1548053
p47498,"=""05-04-2023""",157.7251954
n134509,"=""05-04-2023""",130.8539646
f127159,"=""05-04-2023""",118.7748928
a213916,"=""05-04-2023""",114.0523209
p23930,"=""05-04-2023""",126.138753
p53170,"=""05-04-2023""",188.3448028
u232570,"=""05-04-2023""",132.4030664
i59033,"=""05-04-2023""",161.3517248
m103845,"=""05-04-2023""",184.0640602
r87045,"=""05-04-2023""",103.343178
i158799,"=""05-04-2023""",192.1211176
b133402,"=""05-04-2023""",140.9477253
o99938,"=""05-04-2023""",158.0051855
q216276,"=""05-04-2023""",97.0951674
c24003,"=""05-04-2023""",220.9482993
m15427,"=""05-04-2023""",121.8933731
e19141,"=""05-04-2023""",197.5754251
k175558,"=""05-04-2023""",186.285134
t164881,"=""05-04-2023""",93.96472304
h84799,"=""05-04-2023""",184.8875573
m119468,"=""05-04-2023""",205.412577
j159394,"=""05-04-2023""",192.6981764
p90182,"=""05-04-2023""",131.4935295
m143441,"=""05-04-2023""",209.0994598
i131517,"=""05-04-2023""",217.1535933
q103932,"=""05-04-2023""",128.3822575
n82639,"=""05-04-2023""",164.7049833
g157079,"=""05-04-2023""",123.3786117
l224569,"=""05-04-2023""",98.54052316
l6126,"=""05-04-2023""",144.5172777
g181036,"=""05-04-2023""",157.4223092
p181387,"=""05-04-2023""",101.284721
u43309,"=""05-04-2023""",93.65436956
h124760,"=""05-04-2023""",105.7051507
r231393,"=""05-04-2023""",126.8687291
p19731,"=""05-04-2023""",158.0957778
u154519,"=""05-04-2023""",123.9759732
m70979,"=""05-04-2023""",161.8196695
c99876,"=""05-04-2023""",182.0304233
g145860,"=""05-04-2023""",208.6494046
t84129,"=""05-04-2023""",154.4136713
n96952,"=""05-04-2023""",99.76246209
n205173,"=""05-04-2023""",159.7517933
h168734,"=""05-04-2023""",103.7506653
e103608,"=""05-04-2023""",204.6640376
l104467,"=""05-04-2023""",187.2515828
u101558,"=""05-04-2023""",122.8498119
j44762,"=""05-04-2023""",102.2088834
k30100,"=""05-04-2023""",216.3090504
a26095,"=""05-04-2023""",200.9733933
h164389,"=""05-04-2023""",98.32522249
t167179,"=""05-04-2023""",163.5597966
w159410,"=""05-04-2023""",168.5664059
f35023,"=""05-04-2023""",102.5448764
g230303,"=""05-04-2023""",194.7887122
j90950,"=""05-04-2023""",94.7608955
n205555,"=""05-04-2023""",92.14651082
v70025,"=""05-04-2023""",116.2068326
o233949,"=""05-04-2023""",123.5451752
j4403,"=""05-04-2023""",114.8172784
h183272,"=""05-04-2023""",108.0290474
n75149,"=""05-04-2023""",176.8716583
h23509,"=""05-04-2023""",102.2753506
k173194,"=""05-04-2023""",193.2535817
x136873,"=""05-04-2023""",206.7779129
v123515,"=""05-04-2023""",131.3207298
h47535,"=""05-04-2023""",115.886808
h44864,"=""05-04-2023""",127.8394374
w129095,"=""05-04-2023""",136.3439947
m159074,"=""05-04-2023""",102.9343514
t39282,"=""05-04-2023""",171.4668926
n186245,"=""05-04-2023""",185.3496505
e175040,"=""05-04-2023""",184.8466871
k60031,"=""05-04-2023""",88.86152552
d132797,"=""05-04-2023""",105.2613759
f181448,"=""05-04-2023""",160.6135292
v132486,"=""05-04-2023""",201.0765453
p70097,"=""05-04-2023""",187.4305365
m163384,"=""05-04-2023""",215.2491286
X124402,"=""05-04-2023""",131.2537649
X154633,"=""05-04-2023""",169.5865965
b10482,"=""05-04-2023""",168.025713
b229803,"=""05-04-2023""",207.5592946
b183870,"=""05-04-2023""",212.2749393
q83092,"=""05-04-2023""",135.9157714
a182477,"=""05-04-2023""",174.0872974
k70016,"=""05-04-2023""",100.0469717
n2547,"=""05-04-2023""",216.5340556
e200623,"=""05-04-2023""",104.2449548
p106802,"=""05-04-2023""",177.2538721
v80518,"=""05-04-2023""",223.2393561
c85612,"=""05-04-2023""",126.4915953
e26679,"=""05-04-2023""",223.4819905
d202152,"=""05-04-2023""",111.1686452
i218672,"=""05-04-2023""",144.5941136
q45177,"=""05-04-2023""",209.3470601
b170029,"=""05-04-2023""",181.9278297
r204366,"=""05-04-2023""",91.851868
g4308,"=""05-04-2023""",140.5023136
r179950,"=""05-04-2023""",141.0031844
t146221,"=""05-04-2023""",202.3835239
X180459,"=""05-04-2023""",132.5287055
m30390,"=""05-04-2023""",107.8350801
i145041,"=""05-04-2023""",147.0190696
i201363,"=""05-04-2023""",141.9381342
a210992,"=""05-04-2023""",101.8917293
w184377,"=""05-04-2023""",214.7015395
X118100,"=""05-04-2023""",108.2300067
n61050,"=""05-04-2023""",187.0234553
e114815,"=""05-04-2023""",133.5864934
x63553,"=""05-04-2023""",179.823994
l193424,"=""05-04-2023""",187.3761139
r135292,"=""05-04-2023""",223.4354212
n190245,"=""05-04-2023""",139.4179851
a221239,"=""05-04-2023""",187.5371839
n38297,"=""05-04-2023""",186.2350348
r44883,"=""05-04-2023""",193.0289039
o73234,"=""05-04-2023""",96.41653489
r178069,"=""05-04-2023""",103.8958041
o92555,"=""05-04-2023""",184.5313457
i224197,"=""05-04-2023""",114.2137031
b131537,"=""05-04-2023""",212.7760583
b36476,"=""05-04-2023""",216.6737695
v180925,"=""05-04-2023""",206.7118841
k190373,"=""05-04-2023""",213.9323599
q206522,"=""05-04-2023""",117.7691616
c35799,"=""05-04-2023""",103.5250787
d217591,"=""05-04-2023""",145.6469193
b124189,"=""05-04-2023""",171.4359381
g104283,"=""05-04-2023""",113.1385579
c131800,"=""05-04-2023""",153.8567071
d193380,"=""05-04-2023""",216.9363721
d190022,"=""05-04-2023""",177.1834027
c82424,"=""05-04-2023""",203.1616228
l228941,"=""05-04-2023""",136.9894108
c100507,"=""05-04-2023""",156.4280428
v176912,"=""05-04-2023""",216.5787071
w96482,"=""05-04-2023""",104.016232
b72408,"=""05-04-2023""",128.2580726
u83437,"=""05-04-2023""",154.520473
q228963,"=""05-04-2023""",117.0821272
m170566,"=""05-04-2023""",175.963431
i32774,"=""05-04-2023""",139.7659019
k218692,"=""05-04-2023""",153.2469373
b64666,"=""05-04-2023""",159.9996695
h8522,"=""05-04-2023""",189.8145761
v106861,"=""05-04-2023""",116.1555149
l115632,"=""05-04-2023""",228.9819098
X45045,"=""05-04-2023""",162.0667628
a86761,"=""05-04-2023""",122.5047706
m30682,"=""05-04-2023""",175.3866804
w119221,"=""05-04-2023""",220.4628258
m204786,"=""05-04-2023""",183.0533053
w81901,"=""05-04-2023""",161.2726736
t73085,"=""05-04-2023""",106.9537465
i78258,"=""05-04-2023""",173.0490061
i112245,"=""05-04-2023""",138.4014561
g186293,"=""05-04-2023""",116.0978739
t82841,"=""05-04-2023""",196.1016837
d113316,"=""05-04-2023""",208.2888809
f161606,"=""05-04-2023""",207.3175768
m10172,"=""05-04-2023""",154.2289133
u43732,"=""05-04-2023""",225.4153414
p17525,"=""05-04-2023""",154.3713487
X69157,"=""05-04-2023""",177.348215
u60396,"=""05-04-2023""",161.3308909
s46227,"=""05-04-2023""",103.2138972
n30127,"=""05-04-2023""",121.868024
a116641,"=""05-04-2023""",221.6524398
f47011,"=""05-04-2023""",128.3503957
v119379,"=""05-04-2023""",109.622586
l5103,"=""05-04-2023""",133.0018976
h231772,"=""05-04-2023""",200.9423303
p198533,"=""05-04-2023""",182.2959226
b79426,"=""05-04-2023""",175.8556794
s45567,"=""05-04-2023""",117.6215471
j68138,"=""05-04-2023""",126.6331759
j82700,"=""05-04-2023""",153.4761752
s168067,"=""05-04-2023""",167.5586131
l15614,"=""05-04-2023""",213.6789224
u134301,"=""05-04-2023""",123.6660839
x210689,"=""05-04-2023""",161.2528263
o158450,"=""05-04-2023""",135.6156108
i213651,"=""05-04-2023""",107.8749374
h41896,"=""05-04-2023""",173.1338233
v170863,"=""05-04-2023""",167.6343434
j104487,"=""05-04-2023""",187.7785403
f6111,"=""05-04-2023""",137.353086
d124472,"=""05-04-2023""",156.877087
l56355,"=""05-04-2023""",180.0018642
p58703,"=""05-04-2023""",176.4855789
r62929,"=""05-04-2023""",118.6688131
n51781,"=""05-04-2023""",226.6136887
f44033,"=""05-04-2023""",125.8516852
d117037,"=""05-04-2023""",216.1748886
p128773,"=""05-04-2023""",168.8564384
c215593,"=""05-04-2023""",198.3532859
u123412,"=""05-04-2023""",234.2464749
a84075,"=""05-04-2023""",130.8844741
u42807,"=""05-04-2023""",137.9810449
b117397,"=""05-04-2023""",121.5374935
i128729,"=""05-04-2023""",164.181959
X74457,"=""05-04-2023""",117.6562532
m77060,"=""05-04-2023""",200.8316731
p181999,"=""05-04-2023""",187.8826546
i24784,"=""05-04-2023""",117.0840915
f229539,"=""05-04-2023""",156.0487739
d210552,"=""05-04-2023""",212.1805002
v70141,"=""05-04-2023""",144.7624814
k133371,"=""05-04-2023""",231.150224
n75160,"=""05-04-2023""",192.2439165
u189752,"=""05-04-2023""",161.7259477
w156283,"=""05-04-2023""",106.9287022
p152100,"=""05-04-2023""",163.7309721
e41920,"=""05-04-2023""",124.3702429
v82122,"=""05-04-2023""",112.6368454
n148384,"=""05-04-2023""",216.1403219
d214893,"=""05-04-2023""",194.205893
x33080,"=""05-04-2023""",200.5781442
t26221,"=""05-04-2023""",159.7302393
v152965,"=""05-04-2023""",119.6080629
d55046,"=""05-04-2023""",138.8323958
q108499,"=""05-04-2023""",220.7290051
o30161,"=""05-04-2023""",114.3401291
f52928,"=""05-04-2023""",159.7289678
l209702,"=""05-04-2023""",113.1284612
X8868,"=""05-04-2023""",214.6766251
d207483,"=""05-04-2023""",111.3148846
h192035,"=""05-04-2023""",141.9812476
a19343,"=""05-04-2023""",133.8623449
i72930,"=""05-04-2023""",102.7075432
k146842,"=""05-04-2023""",169.8242933
o222728,"=""05-04-2023""",176.741687
g44567,"=""05-04-2023""",176.7783884
f29107,"=""05-04-2023""",179.8496242
c99741,"=""05-04-2023""",182.9380256
i152009,"=""05-04-2023""",159.1816789
p14411,"=""05-04-2023""",95.33839358
a187852,"=""05-04-2023""",155.5052436
n19148,"=""05-04-2023""",228.394505
p77169,"=""05-04-2023""",160.8908945
d54396,"=""05-04-2023""",162.8735767
n231562,"=""05-04-2023""",165.1435215
e220709,"=""05-04-2023""",95.08163315
w13626,"=""05-04-2023""",192.5113061
s207867,"=""05-04-2023""",205.7047041
c119642,"=""05-04-2023""",197.8122743
x133990,"=""05-04-2023""",152.0620445
h139801,"=""05-04-2023""",156.8901611
e139466,"=""05-04-2023""",134.0888111
f42731,"=""05-04-2023""",99.7086424
j28090,"=""05-04-2023""",107.856803
t36322,"=""05-04-2023""",101.4228919
k25470,"=""05-04-2023""",136.0834691
n224422,"=""05-04-2023""",182.9021848
b70037,"=""05-04-2023""",149.4623871
r57967,"=""05-04-2023""",173.9963408
s31446,"=""05-04-2023""",189.4907429
v117652,"=""05-04-2023""",142.8597822
s23909,"=""05-04-2023""",163.8219742
n47731,"=""05-04-2023""",148.9872914
w68991,"=""05-04-2023""",190.0722159
k114281,"=""05-04-2023""",175.2606001
p105641,"=""05-04-2023""",192.9717562
o91308,"=""05-04-2023""",128.9078034
h118164,"=""05-04-2023""",134.8299206
f180557,"=""05-04-2023""",228.5725482
x36239,"=""05-04-2023""",117.5449543
q124345,"=""05-04-2023""",199.1032082
t112988,"=""05-04-2023""",108.0046148
k111643,"=""05-04-2023""",99.67706992
a100813,"=""05-04-2023""",117.5058909
m155310,"=""05-04-2023""",136.4733191
f63873,"=""05-04-2023""",105.7940137
n175843,"=""05-04-2023""",222.1488458
k53638,"=""05-04-2023""",127.9948458
m217886,"=""05-04-2023""",211.5605799
q186283,"=""05-04-2023""",137.7913434
e207580,"=""05-04-2023""",181.3976913
m193666,"=""05-04-2023""",109.5676494
e66757,"=""05-04-2023""",151.5852001
n161870,"=""05-04-2023""",152.6340435
t32718,"=""05-04-2023""",176.6896248
q46302,"=""05-04-2023""",171.2365397
t54272,"=""05-04-2023""",196.867828
w140065,"=""05-04-2023""",199.0713773
p85322,"=""05-04-2023""",148.4118017
a90303,"=""05-04-2023""",116.0512199
h130173,"=""05-04-2023""",170.6789492
n57874,"=""05-04-2023""",142.5697033
k144359,"=""05-04-2023""",172.5105405
n129819,"=""05-04-2023""",192.9709636
d59410,"=""05-04-2023""",190.4376501
g136505,"=""05-04-2023""",178.9405759
g134956,"=""05-04-2023""",163.8807292
d107741,"=""05-04-2023""",213.0853563
r146614,"=""05-04-2023""",192.8349374
n79869,"=""05-04-2023""",193.1134392
m112866,"=""05-04-2023""",146.9943948
g22491,"=""05-04-2023""",171.8614098
o58243,"=""05-04-2023""",106.157193
a20667,"=""05-04-2023""",142.5782726
s212905,"=""05-04-2023""",227.7215814
m28780,"=""05-04-2023""",188.6714419
m98766,"=""05-04-2023""",98.93629
n59480,"=""05-04-2023""",132.6562376
g220866,"=""05-04-2023""",114.4951565
q74414,"=""05-04-2023""",94.38530438
u43956,"=""05-04-2023""",160.7582848
l110731,"=""05-04-2023""",204.8317165
d195175,"=""05-04-2023""",141.5602164
k98452,"=""05-04-2023""",135.8503451
i108437,"=""05-04-2023""",196.9563538
r51947,"=""05-04-2023""",224.3083929
l118553,"=""05-04-2023""",207.9148949
l131768,"=""05-04-2023""",153.434238
t89253,"=""05-04-2023""",130.7250586
i175684,"=""05-04-2023""",95.23592373
d222795,"=""05-04-2023""",199.6820132
n203466,"=""05-04-2023""",115.3620847
h158183,"=""05-04-2023""",183.0304266
m230475,"=""05-04-2023""",132.1417315
h49847,"=""05-04-2023""",102.9673752
k193991,"=""05-04-2023""",152.3954249
n1690,"=""05-04-2023""",156.1178738
b194649,"=""05-04-2023""",100.2482319
p158342,"=""05-04-2023""",113.5311702
o154708,"=""05-04-2023""",92.15939128
j31529,"=""05-04-2023""",156.4447698
k77436,"=""05-04-2023""",104.6834816
a41387,"=""05-04-2023""",162.0765883
e199596,"=""05-04-2023""",116.9387612
j57196,"=""05-04-2023""",176.0935853
a38043,"=""05-04-2023""",195.4896298
m213489,"=""05-04-2023""",139.6242933
m164079,"=""05-04-2023""",150.676324
f31286,"=""05-04-2023""",138.7599927
d133094,"=""05-04-2023""",95.02675245
d222584,"=""05-04-2023""",122.6968934
k61269,"=""05-04-2023""",184.9140967
a111723,"=""05-04-2023""",138.6099777
w168893,"=""05-04-2023""",136.6396136
s118742,"=""05-04-2023""",217.2223535
h82598,"=""05-04-2023""",150.5358473
X9242,"=""05-04-2023""",94.2931992
w133037,"=""05-04-2023""",118.5394583
r14485,"=""05-04-2023""",157.2268786
a117509,"=""05-04-2023""",217.2329943
d128074,"=""05-04-2023""",206.1996275
j137136,"=""05-04-2023""",169.4729725
m164932,"=""05-04-2023""",135.6629945
u132431,"=""05-04-2023""",129.1029608
c44346,"=""05-04-2023""",187.1837522
p62878,"=""05-04-2023""",154.3417023
f5693,"=""05-04-2023""",136.0874523
k167853,"=""05-04-2023""",199.1311922
e115010,"=""05-04-2023""",160.2802799
j104926,"=""05-04-2023""",114.4459663
s232572,"=""05-04-2023""",115.3606596
k126905,"=""05-04-2023""",152.5321333
n208830,"=""05-04-2023""",195.293051
e38410,"=""05-04-2023""",190.1804997
t119221,"=""05-04-2023""",159.6613591
c96635,"=""05-04-2023""",177.5886413
p226038,"=""05-04-2023""",142.9033085
v206311,"=""05-04-2023""",229.9912603
c53740,"=""05-04-2023""",180.8471554
g116524,"=""05-04-2023""",171.4389598
s150042,"=""05-04-2023""",187.2572255
X146812,"=""05-04-2023""",193.1936098
b198658,"=""05-04-2023""",215.8656848
n166861,"=""05-04-2023""",105.5288301
a48806,"=""05-04-2023""",131.2648297
a121607,"=""05-04-2023""",108.5669077
e1,"=""05-04-2023""",118.3449893
l54898,"=""05-04-2023""",224.7009069
d1318,"=""05-04-2023""",90.0462028
w115595,"=""05-04-2023""",134.5802595
u155943,"=""05-04-2023""",135.5129065
j215590,"=""05-04-2023""",115.1817615
d35423,"=""05-04-2023""",133.6458662
o189463,"=""05-04-2023""",209.3278775
k96009,"=""05-04-2023""",133.9666334
l54285,"=""05-04-2023""",166.1888064
n165399,"=""05-04-2023""",103.4642814
k184389,"=""05-04-2023""",201.6515731
i218592,"=""05-04-2023""",178.2112352
g201626,"=""05-04-2023""",102.2451518
o168949,"=""05-04-2023""",114.7755553
u191228,"=""05-04-2023""",174.1762616
b2608,"=""05-04-2023""",181.5606567
b143481,"=""05-04-2023""",173.38082
t144346,"=""05-04-2023""",112.8022569
c4212,"=""05-04-2023""",104.7923649
i158626,"=""05-04-2023""",171.0308517
g46657,"=""05-04-2023""",169.0384891
c200357,"=""05-04-2023""",114.6045666
s30529,"=""05-04-2023""",133.3625431
d74733,"=""05-04-2023""",98.64579084
o75474,"=""05-04-2023""",109.1342946
x104481,"=""05-04-2023""",194.7846627
g103376,"=""05-04-2023""",219.2092061
q135126,"=""05-04-2023""",116.4739019
j123195,"=""05-04-2023""",173.0681662
X195632,"=""05-04-2023""",148.6344667
i103042,"=""05-04-2023""",165.0168953
e46084,"=""05-04-2023""",177.5468814
b85834,"=""05-04-2023""",132.7585178
w198952,"=""05-04-2023""",163.9112373
l128432,"=""05-04-2023""",109.360954
d220744,"=""05-04-2023""",202.7073273
f133230,"=""05-04-2023""",178.2799017
l13065,"=""05-04-2023""",189.581334
q149989,"=""05-04-2023""",100.5470013
u68551,"=""05-04-2023""",192.4534714
b35533,"=""05-04-2023""",210.4388915
g46625,"=""05-04-2023""",173.6499047
c185774,"=""05-04-2023""",169.7125712
u37921,"=""05-04-2023""",156.5429117
c43635,"=""05-04-2023""",186.2551458
c4706,"=""05-04-2023""",160.9963185
b37569,"=""05-04-2023""",89.51782192
n174637,"=""05-04-2023""",112.4382333
o193012,"=""05-04-2023""",112.1429105
c23288,"=""05-04-2023""",213.3485711
b153969,"=""05-04-2023""",222.8384354
r32006,"=""05-04-2023""",146.4132625
j115091,"=""05-04-2023""",193.40273
f227944,"=""05-04-2023""",117.36627
d177435,"=""05-04-2023""",100.0548563
v198457,"=""05-04-2023""",112.8167152
b130705,"=""05-04-2023""",195.0835297
u51640,"=""05-04-2023""",216.8097194
t47798,"=""05-04-2023""",153.871783
f54111,"=""05-04-2023""",179.9572916
c115994,"=""05-04-2023""",201.6767491
s197401,"=""05-04-2023""",213.3368297
q197841,"=""05-04-2023""",127.7623644
r180166,"=""05-04-2023""",144.7524547
w128718,"=""05-04-2023""",203.1143704
v28605,"=""05-04-2023""",211.031938
h15557,"=""05-04-2023""",134.0125388
o210402,"=""05-04-2023""",176.4649188
d29298,"=""05-04-2023""",192.5303599
a179390,"=""05-04-2023""",166.7242748
a173769,"=""05-04-2023""",222.411564
o49112,"=""05-04-2023""",142.4574201
g6542,"=""05-04-2023""",167.174636
r139758,"=""05-04-2023""",122.8598839
i153920,"=""05-04-2023""",112.0967487
p213825,"=""05-04-2023""",191.7234192
m2005,"=""05-04-2023""",150.1252063
o88708,"=""05-04-2023""",122.7421525
e2824,"=""05-04-2023""",127.2694226
d36668,"=""05-04-2023""",142.7592442
i126152,"=""05-04-2023""",190.2328473
h214551,"=""05-04-2023""",191.267105
r121564,"=""05-04-2023""",106.2242847
b88750,"=""05-04-2023""",197.9545614
k222875,"=""05-04-2023""",197.5534567
s79832,"=""05-04-2023""",96.72663877
c108645,"=""05-04-2023""",137.2441874
g73098,"=""05-04-2023""",189.7779987
f115172,"=""05-04-2023""",97.38688187
s113446,"=""05-04-2023""",101.7086869
a24127,"=""05-04-2023""",108.2022403
k68591,"=""05-04-2023""",103.8048322
l25638,"=""05-04-2023""",210.7533929
b110316,"=""05-04-2023""",98.35348714
l163556,"=""05-04-2023""",173.8854079
k85109,"=""05-04-2023""",108.0696
w45923,"=""05-04-2023""",201.8137843
b148495,"=""05-04-2023""",201.6847233
f128424,"=""05-04-2023""",199.3462356
i145577,"=""05-04-2023""",183.8976089
q135291,"=""05-04-2023""",198.3007803
i228936,"=""05-04-2023""",203.5611983
w183786,"=""05-04-2023""",124.281942
c207810,"=""05-04-2023""",118.9530246
o119736,"=""05-04-2023""",216.4552451
q91657,"=""05-04-2023""",141.2399406
c194980,"=""05-04-2023""",172.4801548
x21707,"=""05-04-2023""",113.5964281
q29143,"=""05-04-2023""",221.1972487
t221827,"=""05-04-2023""",102.2008967
x62919,"=""05-04-2023""",198.7307361
g8005,"=""05-04-2023""",134.2098163
u106481,"=""05-04-2023""",223.1167979
b38909,"=""05-04-2023""",208.0596237
t39906,"=""05-04-2023""",134.6418297
t13536,"=""05-04-2023""",144.367536
g27381,"=""05-04-2023""",115.4473953
i15818,"=""05-04-2023""",206.9753584
l28555,"=""05-04-2023""",162.6700711
h115227,"=""05-04-2023""",179.5506476
n184214,"=""05-04-2023""",193.1872215
q20944,"=""05-04-2023""",206.5881913
l135218,"=""05-04-2023""",125.0658638
p38396,"=""05-04-2023""",137.3471707
e189263,"=""05-04-2023""",220.663373
r130467,"=""05-04-2023""",189.5456432
x233543,"=""05-04-2023""",217.2048844
h31794,"=""05-04-2023""",160.8484205
i89556,"=""05-04-2023""",159.1448122
a159495,"=""05-04-2023""",194.8760659
s217023,"=""05-04-2023""",123.4232106
r11704,"=""05-04-2023""",206.6709593
o192693,"=""05-04-2023""",119.2642807
m124329,"=""05-04-2023""",143.7780264
d44117,"=""05-04-2023""",148.1080152
t232599,"=""05-04-2023""",201.8124942
b199403,"=""05-04-2023""",113.414525
f22641,"=""05-04-2023""",209.414226
u227571,"=""05-04-2023""",104.9326218
b172587,"=""05-04-2023""",198.6603963
l72119,"=""05-04-2023""",149.4668705
w193351,"=""05-04-2023""",161.4406499
c151943,"=""05-04-2023""",92.22228434
b78458,"=""05-04-2023""",205.0160827
h44135,"=""05-04-2023""",168.6481523
j201889,"=""05-04-2023""",217.6024439
h189664,"=""05-04-2023""",202.517891
n84756,"=""05-04-2023""",198.2789963
g122394,"=""05-04-2023""",218.255752
v70208,"=""05-04-2023""",173.8081269
i77697,"=""05-04-2023""",133.6940305
n30549,"=""05-04-2023""",187.9544257
u83865,"=""05-04-2023""",184.5591701
b210568,"=""05-04-2023""",97.45760733
h112663,"=""05-04-2023""",160.0614947
d190483,"=""05-04-2023""",212.1176449
k157578,"=""05-04-2023""",151.5724185
b219977,"=""05-04-2023""",120.9685951
h90277,"=""05-04-2023""",211.841164
w59430,"=""05-04-2023""",197.669665
f13404,"=""05-04-2023""",113.1637677
b113052,"=""05-04-2023""",204.6796743
l118690,"=""05-04-2023""",194.316367
m177063,"=""05-04-2023""",131.088076
s193194,"=""05-04-2023""",154.8593234
s110731,"=""05-04-2023""",218.5930825
s104565,"=""05-04-2023""",163.6203828
b55594,"=""05-04-2023""",165.7211196
s177861,"=""05-04-2023""",213.2415407
X168300,"=""05-04-2023""",160.6309187
s152220,"=""05-04-2023""",195.6169153
h8397,"=""05-04-2023""",83.10327657
c112541,"=""05-04-2023""",172.8137872
d106585,"=""05-04-2023""",192.2706963
f206588,"=""05-04-2023""",200.5885324
v40090,"=""05-04-2023""",175.6280282
e203763,"=""05-04-2023""",113.4408129
v54251,"=""05-04-2023""",196.1716132
p147020,"=""05-04-2023""",192.148285
d87076,"=""05-04-2023""",108.3569986
c197844,"=""05-04-2023""",102.4037051
k203178,"=""05-04-2023""",138.0564183
g81044,"=""05-04-2023""",162.1812339
b166549,"=""05-04-2023""",134.6304973
e21359,"=""05-04-2023""",121.3856297
o20147,"=""05-04-2023""",91.02698769
c80998,"=""05-04-2023""",166.1459802
k179813,"=""05-04-2023""",194.1708793
a158645,"=""05-04-2023""",138.0812012
q206775,"=""05-04-2023""",188.7379666
t225475,"=""05-04-2023""",199.0904057
u85666,"=""05-04-2023""",221.2463512
w22730,"=""05-04-2023""",100.4265751
h10968,"=""05-04-2023""",162.4902628
f100157,"=""05-04-2023""",180.8148168
b211160,"=""05-04-2023""",112.0878404
h53085,"=""05-04-2023""",132.411678
a218591,"=""05-04-2023""",94.57740902
k67787,"=""05-04-2023""",104.5942168
e142195,"=""05-04-2023""",160.5535642
d50954,"=""05-04-2023""",141.3885216
r145697,"=""05-04-2023""",173.5489353
r116385,"=""05-04-2023""",208.4763981
p224439,"=""05-04-2023""",171.0134119
e87109,"=""05-04-2023""",136.2846447
a52563,"=""05-04-2023""",173.9188231
o37791,"=""05-04-2023""",93.31632035
s170442,"=""05-04-2023""",124.3453098
d135524,"=""05-04-2023""",93.89639282
X133611,"=""05-04-2023""",183.4392228
o214753,"=""05-04-2023""",117.4951737
b206297,"=""05-04-2023""",221.7742678
n199478,"=""05-04-2023""",94.97784387
n61568,"=""05-04-2023""",172.0962772
r218940,"=""05-04-2023""",114.9413237
k164328,"=""05-04-2023""",155.0585816
k141199,"=""05-04-2023""",206.4142764
a122732,"=""05-04-2023""",138.2109264
m2562,"=""05-04-2023""",95.71820083
b8964,"=""05-04-2023""",131.8302261
w172744,"=""05-04-2023""",215.3276364
k188045,"=""05-04-2023""",148.7476023
x21892,"=""05-04-2023""",137.0103565
e145601,"=""05-04-2023""",209.1631382
w26038,"=""05-04-2023""",149.6455632
m34734,"=""05-04-2023""",210.657986
f18078,"=""05-04-2023""",188.7439508
a137349,"=""05-04-2023""",85.23638237
m168212,"=""05-04-2023""",214.2752325
t69831,"=""05-04-2023""",126.425718
h46387,"=""05-04-2023""",207.6909635
u29613,"=""05-04-2023""",218.6008481
t180201,"=""05-04-2023""",211.6497103
j10673,"=""05-04-2023""",198.6893316
c82844,"=""05-04-2023""",107.1613947
t219105,"=""05-04-2023""",164.9732499
h94754,"=""05-04-2023""",160.02036
r152290,"=""05-04-2023""",111.9627319
k20606,"=""05-04-2023""",217.0394282
r199658,"=""05-04-2023""",201.7812762
x26156,"=""05-04-2023""",98.8429658
e162490,"=""05-04-2023""",126.800126
f6020,"=""05-04-2023""",216.4544961
b160395,"=""05-04-2023""",132.008583
o233658,"=""05-04-2023""",161.1875433
a149986,"=""05-04-2023""",193.572836
c14510,"=""05-04-2023""",103.8220744
w133863,"=""05-04-2023""",165.2440222
a93200,"=""05-04-2023""",192.8343773
n71553,"=""05-04-2023""",207.5839657
a150641,"=""05-04-2023""",154.2681986
g157577,"=""05-04-2023""",156.1409615
q48412,"=""05-04-2023""",127.0054033
k78205,"=""05-04-2023""",171.5196627
l79427,"=""05-04-2023""",180.7750205
o233554,"=""05-04-2023""",157.9733297
o53547,"=""05-04-2023""",195.8222848
p221670,"=""05-04-2023""",100.4855928
r98399,"=""05-04-2023""",96.9661711
s163015,"=""05-04-2023""",131.6173047
k78724,"=""05-04-2023""",114.1646008
q186906,"=""05-04-2023""",157.3486595
c145960,"=""05-04-2023""",173.9207647
n218104,"=""05-04-2023""",213.5655927
k55125,"=""05-04-2023""",222.2829529
t15513,"=""05-04-2023""",144.4104309
b223771,"=""05-04-2023""",149.5406444
l216847,"=""05-04-2023""",186.4791738
j99374,"=""05-04-2023""",138.9865565
m47091,"=""05-04-2023""",123.1498662
p13100,"=""05-04-2023""",191.7432057
l222653,"=""05-04-2023""",90.92870708
m95078,"=""05-04-2023""",177.9452529
d36384,"=""05-04-2023""",152.7406733
a141412,"=""05-04-2023""",129.3064405
n29574,"=""05-04-2023""",179.9720658
r65541,"=""05-04-2023""",214.4131231
w77851,"=""05-04-2023""",200.2556487
s194871,"=""05-04-2023""",108.7564576
f59043,"=""05-04-2023""",182.4083726
d167746,"=""05-04-2023""",128.3927905
u14725,"=""05-04-2023""",161.0649707
r160789,"=""05-04-2023""",102.5381093
b97425,"=""05-04-2023""",205.3302926
c164873,"=""05-04-2023""",200.7057238
l82205,"=""05-04-2023""",119.5968527
b140952,"=""05-04-2023""",166.275153
t108161,"=""05-04-2023""",131.3437935
q232521,"=""05-04-2023""",161.916738
d129329,"=""05-04-2023""",120.623963
i109049,"=""05-04-2023""",212.3673554
f48757,"=""05-04-2023""",126.1759237
c35792,"=""05-04-2023""",134.2599952
o81429,"=""05-04-2023""",117.4859154
i62583,"=""05-04-2023""",137.9618864
b166009,"=""05-04-2023""",117.6007675
l131707,"=""05-04-2023""",156.4846664
s191822,"=""05-04-2023""",179.5025708
l68216,"=""05-04-2023""",178.8016487
c112667,"=""05-04-2023""",149.4766662
c87589,"=""05-04-2023""",184.6639123
e156476,"=""05-04-2023""",216.0077285
s168781,"=""05-04-2023""",146.8295466
a60558,"=""05-04-2023""",170.378913
u39861,"=""05-04-2023""",210.765013
v119718,"=""05-04-2023""",183.6306927
d184724,"=""05-04-2023""",149.243361
g166716,"=""05-04-2023""",201.0165236
X33164,"=""05-04-2023""",221.5052156
m47960,"=""05-04-2023""",160.226292
u179424,"=""05-04-2023""",148.283529
f153625,"=""05-04-2023""",210.3037352
o113724,"=""05-04-2023""",166.86218
j5625,"=""05-04-2023""",172.5159573
t144203,"=""05-04-2023""",195.5588323
s106359,"=""05-04-2023""",85.0932038
m110741,"=""05-04-2023""",95.13419807
f66215,"=""05-04-2023""",115.3239138
h110,"=""05-04-2023""",96.37239148
m139823,"=""05-04-2023""",106.192203
t228389,"=""05-04-2023""",108.5127115
p131000,"=""05-04-2023""",99.2703019
t69012,"=""01-03-2023""",158.825298
b182456,"=""01-03-2023""",97.93411072
w56242,"=""01-03-2023""",196.6230458
e104173,"=""01-03-2023""",132.6699959
h150898,"=""01-03-2023""",107.4296596
c90034,"=""01-03-2023""",182.2635843
s8068,"=""01-03-2023""",106.2806298
h19510,"=""01-03-2023""",139.1320785
p129484,"=""01-03-2023""",205.8946283
a83321,"=""01-03-2023""",69.41124906
f225507,"=""01-03-2023""",119.2181953
m177732,"=""01-03-2023""",195.879417
j138897,"=""01-03-2023""",127.1834423
g170651,"=""01-03-2023""",208.8486292
k36911,"=""01-03-2023""",198.6076614
x196643,"=""01-03-2023""",178.9233941
e135952,"=""01-03-2023""",102.3428096
a101775,"=""01-03-2023""",140.1842704
p59651,"=""01-03-2023""",141.3585321
m119576,"=""01-03-2023""",183.4022572
l204149,"=""01-03-2023""",138.3157017
q40009,"=""01-03-2023""",125.5525205
a162116,"=""01-03-2023""",109.9156982
p187988,"=""01-03-2023""",72.88922227
u108834,"=""01-03-2023""",126.5795667
s54665,"=""01-03-2023""",172.5744745
l133790,"=""01-03-2023""",92.53797197
o131598,"=""01-03-2023""",134.8315364
u128519,"=""01-03-2023""",184.3503038
m179903,"=""01-03-2023""",152.1384973
f194429,"=""01-03-2023""",71.06581223
u5448,"=""01-03-2023""",105.6590631
o64468,"=""01-03-2023""",79.53137424
p6393,"=""01-03-2023""",131.0244826
s29448,"=""01-03-2023""",144.0249976
f150453,"=""01-03-2023""",208.385288
v92873,"=""01-03-2023""",89.86611392
l106192,"=""01-03-2023""",85.18459067
l151116,"=""01-03-2023""",194.0909788
r120400,"=""01-03-2023""",126.073874
a168078,"=""01-03-2023""",155.6807341
h202185,"=""01-03-2023""",138.0551548
r114483,"=""01-03-2023""",101.5878932
q23764,"=""28-02-2023""",112.447173
e101879,"=""28-02-2023""",229.5158097
b32797,"=""28-02-2023""",111.2114168
g210995,"=""28-02-2023""",223.6186269
n15006,"=""27-02-2023""",183.9684212
b142073,"=""27-02-2023""",81.42403952
k207723,"=""24-02-2023""",121.2332022
a206423,"=""22-02-2023""",208.3924019
t154892,"=""22-02-2023""",205.6754816
h192587,"=""22-02-2023""",130.419469
w225086,"=""22-02-2023""",145.218279
g147595,"=""22-02-2023""",229.3854341
w172849,"=""22-02-2023""",139.8838747
g56567,"=""22-02-2023""",106.9287155
k96618,"=""22-02-2023""",150.8972538
j188933,"=""22-02-2023""",172.0231144
b64121,"=""22-02-2023""",159.6640798
m143388,"=""22-02-2023""",118.4844798
e39400,"=""22-02-2023""",66.07315699
x97220,"=""22-02-2023""",213.7762223
l109713,"=""22-02-2023""",216.6486937
r210557,"=""22-02-2023""",149.2614419
t38988,"=""22-02-2023""",211.7482828
e184247,"=""22-02-2023""",156.9708651
u39908,"=""22-02-2023""",123.7634838
o145005,"=""22-02-2023""",122.0618863
k210246,"=""22-02-2023""",115.5416825
j158235,"=""22-02-2023""",131.5366603
m148894,"=""22-02-2023""",109.8029581
h59047,"=""22-02-2023""",210.7309302
e30569,"=""22-02-2023""",188.1203374
c203952,"=""22-02-2023""",124.43967
v36593,"=""22-02-2023""",178.7145256
s100025,"=""22-02-2023""",100.6621813
n183684,"=""22-02-2023""",204.8575238
p203593,"=""17-02-2023""",192.5882415
q229764,"=""15-02-2023""",130.0150331
p132400,"=""31-01-2023""",145.572129
c77628,"=""25-01-2023""",179.23637
o24249,"=""19-01-2023""",151.616062
q94448,"=""19-01-2023""",85.06915353
i106904,"=""21-11-2022""",126.7373738
X14812,"=""17-11-2022""",136.3965269
w59217,"=""21-10-2022""",72.36203096
X28640,"=""28-09-2022""",175.3757182
l157760,"=""21-09-2022""",119.9601033
n94042,"=""21-09-2022""",145.5334434
k156186,"=""20-09-2022""",162.5839605
